rocket,payloads,launchpad,cores,flight_number,date_utc,date,BoosterVersion,FlightNumber
5e9d0d95eda69973a809d1ec,,5e9e4501f509094ba4566f84,"{'core': '5e9e289ef359185f2b3b2628', 'flight': 1, 'gridfins': False, 'legs': False, 'reused': False, 'landing_attempt': False, 'landing_success': None, 'landing_type': None, 'landpad': None}",6,2010-06-04T18:45:00.000Z,04-06-2010,Falcon 9,1
5e9d0d95eda69973a809d1ec,,5e9e4501f509094ba4566f84,"{'core': '5e9e289ef35918f39c3b262a', 'flight': 1, 'gridfins': False, 'legs': False, 'reused': False, 'landing_attempt': False, 'landing_success': None, 'landing_type': None, 'landpad': None}",8,2012-05-22T07:44:00.000Z,22-05-2012,Falcon 9,2
5e9d0d95eda69973a809d1ec,,5e9e4501f509094ba4566f84,"{'core': '5e9e289ff3591884e03b262c', 'flight': 1, 'gridfins': False, 'legs': False, 'reused': False, 'landing_attempt': False, 'landing_success': None, 'landing_type': None, 'landpad': None}",10,2013-03-01T19:10:00.000Z,01-03-2013,Falcon 9,3
5e9d0d95eda69973a809d1ec,,5e9e4502f509092b78566f87,"{'core': '5e9e289ff359180ae23b262d', 'flight': 1, 'gridfins': False, 'legs': False, 'reused': False, 'landing_attempt': True, 'landing_success': False, 'landing_type': 'Ocean', 'landpad': None}",11,2013-09-29T16:00:00.000Z,29-09-2013,Falcon 9,4
5e9d0d95eda69973a809d1ec,,5e9e4501f509094ba4566f84,"{'core': '5e9e289ff35918862c3b262e', 'flight': 1, 'gridfins': False, 'legs': False, 'reused': False, 'landing_attempt': False, 'landing_success': None, 'landing_type': None, 'landpad': None}",12,2013-12-03T22:41:00.000Z,03-12-2013,Falcon 9,5
5e9d0d95eda69973a809d1ec,,5e9e4501f509094ba4566f84,"{'core': '5e9e289ff3591878603b262f', 'flight': 1, 'gridfins': False, 'legs': False, 'reused': False, 'landing_attempt': False, 'landing_success': None, 'landing_type': None, 'landpad': None}",13,2014-01-06T18:06:00.000Z,06-01-2014,Falcon 9,6
5e9d0d95eda69973a809d1ec,,5e9e4501f509094ba4566f84,"{'core': '5e9e289ff3591829343b2630', 'flight': 1, 'gridfins': False, 'legs': True, 'reused': False, 'landing_attempt': True, 'landing_success': True, 'landing_type': 'Ocean', 'landpad': None}",14,2014-04-18T19:25:00.000Z,18-04-2014,Falcon 9,7
5e9d0d95eda69973a809d1ec,,5e9e4501f509094ba4566f84,"{'core': '5e9e28a0f3591870a63b2631', 'flight': 1, 'gridfins': False, 'legs': True, 'reused': False, 'landing_attempt': True, 'landing_success': True, 'landing_type': 'Ocean', 'landpad': None}",15,2014-07-14T15:15:00.000Z,14-07-2014,Falcon 9,8
5e9d0d95eda69973a809d1ec,,5e9e4501f509094ba4566f84,"{'core': '5e9e28a0f359186e2e3b2632', 'flight': 1, 'gridfins': False, 'legs': False, 'reused': False, 'landing_attempt': False, 'landing_success': None, 'landing_type': None, 'landpad': None}",16,2014-08-05T08:00:00.000Z,05-08-2014,Falcon 9,9
5e9d0d95eda69973a809d1ec,,5e9e4501f509094ba4566f84,"{'core': '5e9e28a0f35918b1bc3b2633', 'flight': 1, 'gridfins': False, 'legs': False, 'reused': False, 'landing_attempt': False, 'landing_success': None, 'landing_type': None, 'landpad': None}",17,2014-09-07T05:00:00.000Z,07-09-2014,Falcon 9,10
5e9d0d95eda69973a809d1ec,,5e9e4501f509094ba4566f84,"{'core': '5e9e28a0f359184a683b2634', 'flight': 1, 'gridfins': False, 'legs': False, 'reused': False, 'landing_attempt': True, 'landing_success': False, 'landing_type': 'Ocean', 'landpad': None}",18,2014-09-21T05:52:00.000Z,21-09-2014,Falcon 9,11
5e9d0d95eda69973a809d1ec,,5e9e4501f509094ba4566f84,"{'core': '5e9e28a0f359187a3c3b2635', 'flight': 1, 'gridfins': True, 'legs': True, 'reused': False, 'landing_attempt': True, 'landing_success': False, 'landing_type': 'ASDS', 'landpad': '5e9e3032383ecb761634e7cb'}",19,2015-01-10T09:47:00.000Z,10-01-2015,Falcon 9,12
5e9d0d95eda69973a809d1ec,,5e9e4501f509094ba4566f84,"{'core': '5e9e28a0f3591885be3b2636', 'flight': 1, 'gridfins': True, 'legs': True, 'reused': False, 'landing_attempt': True, 'landing_success': True, 'landing_type': 'Ocean', 'landpad': None}",20,2015-02-11T23:03:00.000Z,11-02-2015,Falcon 9,13
5e9d0d95eda69973a809d1ec,,5e9e4501f509094ba4566f84,"{'core': '5e9e28a1f359186d533b2638', 'flight': 1, 'gridfins': True, 'legs': True, 'reused': False, 'landing_attempt': True, 'landing_success': False, 'landing_type': 'ASDS', 'landpad': '5e9e3032383ecb761634e7cb'}",22,2015-04-14T20:10:00.000Z,14-04-2015,Falcon 9,14
5e9d0d95eda69973a809d1ec,,5e9e4501f509094ba4566f84,"{'core': '5e9e28a1f35918233f3b2639', 'flight': 1, 'gridfins': False, 'legs': False, 'reused': False, 'landing_attempt': False, 'landing_success': None, 'landing_type': None, 'landpad': None}",23,2015-04-27T23:03:00.000Z,27-04-2015,Falcon 9,15
5e9d0d95eda69973a809d1ec,,5e9e4501f509094ba4566f84,"{'core': '5e9e28a1f35918683c3b263a', 'flight': 1, 'gridfins': True, 'legs': True, 'reused': False, 'landing_attempt': True, 'landing_success': None, 'landing_type': 'ASDS', 'landpad': '5e9e3032383ecb6bb234e7ca'}",24,2015-06-28T14:21:00.000Z,28-06-2015,Falcon 9,16
5e9d0d95eda69973a809d1ec,,5e9e4501f509094ba4566f84,"{'core': '5e9e28a1f3591867753b263b', 'flight': 1, 'gridfins': True, 'legs': True, 'reused': False, 'landing_attempt': True, 'landing_success': True, 'landing_type': 'RTLS', 'landpad': '5e9e3032383ecb267a34e7c7'}",25,2015-12-22T01:29:00.000Z,22-12-2015,Falcon 9,17
5e9d0d95eda69973a809d1ec,,5e9e4502f509092b78566f87,"{'core': '5e9e28a1f3591842fa3b263c', 'flight': 1, 'gridfins': True, 'legs': True, 'reused': False, 'landing_attempt': True, 'landing_success': False, 'landing_type': 'ASDS', 'landpad': '5e9e3033383ecbb9e534e7cc'}",26,2016-01-17T15:42:00.000Z,17-01-2016,Falcon 9,18
5e9d0d95eda69973a809d1ec,,5e9e4501f509094ba4566f84,"{'core': '5e9e28a1f359188def3b263d', 'flight': 1, 'gridfins': True, 'legs': True, 'reused': False, 'landing_attempt': True, 'landing_success': False, 'landing_type': 'ASDS', 'landpad': '5e9e3032383ecb6bb234e7ca'}",27,2016-03-04T23:35:00.000Z,04-03-2016,Falcon 9,19
5e9d0d95eda69973a809d1ec,,5e9e4501f509094ba4566f84,"{'core': '5e9e28a2f359182d0b3b263e', 'flight': 1, 'gridfins': True, 'legs': True, 'reused': False, 'landing_attempt': True, 'landing_success': True, 'landing_type': 'ASDS', 'landpad': '5e9e3032383ecb6bb234e7ca'}",28,2016-04-08T20:43:00.000Z,08-04-2016,Falcon 9,20
5e9d0d95eda69973a809d1ec,,5e9e4501f509094ba4566f84,"{'core': '5e9e28a2f35918077b3b263f', 'flight': 1, 'gridfins': True, 'legs': True, 'reused': False, 'landing_attempt': True, 'landing_success': True, 'landing_type': 'ASDS', 'landpad': '5e9e3032383ecb6bb234e7ca'}",29,2016-05-06T05:21:00.000Z,06-05-2016,Falcon 9,21
5e9d0d95eda69973a809d1ec,,5e9e4501f509094ba4566f84,"{'core': '5e9e28a2f3591845c73b2640', 'flight': 1, 'gridfins': True, 'legs': True, 'reused': False, 'landing_attempt': True, 'landing_success': True, 'landing_type': 'ASDS', 'landpad': '5e9e3032383ecb6bb234e7ca'}",30,2016-05-27T21:39:00.000Z,27-05-2016,Falcon 9,22
5e9d0d95eda69973a809d1ec,,5e9e4501f509094ba4566f84,"{'core': '5e9e28a2f359187f273b2642', 'flight': 1, 'gridfins': True, 'legs': True, 'reused': False, 'landing_attempt': True, 'landing_success': True, 'landing_type': 'RTLS', 'landpad': '5e9e3032383ecb267a34e7c7'}",32,2016-07-18T04:45:00.000Z,18-07-2016,Falcon 9,23
5e9d0d95eda69973a809d1ec,,5e9e4501f509094ba4566f84,"{'core': '5e9e28a2f35918b8243b2643', 'flight': 1, 'gridfins': True, 'legs': True, 'reused': False, 'landing_attempt': True, 'landing_success': True, 'landing_type': 'ASDS', 'landpad': '5e9e3032383ecb6bb234e7ca'}",33,2016-08-14T05:26:00.000Z,14-08-2016,Falcon 9,24
5e9d0d95eda69973a809d1ec,,5e9e4501f509094ba4566f84,"{'core': '5e9e28a2f359187ee83b2644', 'flight': 1, 'gridfins': True, 'legs': True, 'reused': False, 'landing_attempt': True, 'landing_success': None, 'landing_type': 'ASDS', 'landpad': '5e9e3032383ecb6bb234e7ca'}",34,2016-09-01T13:07:00.000Z,01-09-2016,Falcon 9,25
5e9d0d95eda69973a809d1ec,,5e9e4502f509092b78566f87,"{'core': '5e9e28a3f359189e3a3b2645', 'flight': 1, 'gridfins': True, 'legs': True, 'reused': False, 'landing_attempt': True, 'landing_success': True, 'landing_type': 'ASDS', 'landpad': '5e9e3033383ecbb9e534e7cc'}",35,2017-01-14T17:54:00.000Z,14-01-2017,Falcon 9,26
5e9d0d95eda69973a809d1ec,,5e9e4502f509094188566f88,"{'core': '5e9e28a3f3591829dc3b2646', 'flight': 1, 'gridfins': True, 'legs': True, 'reused': False, 'landing_attempt': True, 'landing_success': True, 'landing_type': 'RTLS', 'landpad': '5e9e3032383ecb267a34e7c7'}",36,2017-02-19T14:39:00.000Z,19-02-2017,Falcon 9,27
5e9d0d95eda69973a809d1ec,,5e9e4502f509094188566f88,"{'core': '5e9e28a3f3591878473b2647', 'flight': 1, 'gridfins': False, 'legs': False, 'reused': False, 'landing_attempt': False, 'landing_success': None, 'landing_type': None, 'landpad': None}",37,2017-03-16T06:00:00.000Z,16-03-2017,Falcon 9,28
5e9d0d95eda69973a809d1ec,,5e9e4502f509094188566f88,"{'core': '5e9e28a2f359182d0b3b263e', 'flight': 2, 'gridfins': True, 'legs': True, 'reused': True, 'landing_attempt': True, 'landing_success': True, 'landing_type': 'ASDS', 'landpad': '5e9e3032383ecb6bb234e7ca'}",38,2017-03-30T22:27:00.000Z,30-03-2017,Falcon 9,29
5e9d0d95eda69973a809d1ec,,5e9e4502f509094188566f88,"{'core': '5e9e28a3f3591811f83b2648', 'flight': 1, 'gridfins': True, 'legs': True, 'reused': False, 'landing_attempt': True, 'landing_success': True, 'landing_type': 'RTLS', 'landpad': '5e9e3032383ecb267a34e7c7'}",39,2017-05-01T11:15:00.000Z,01-05-2017,Falcon 9,30
5e9d0d95eda69973a809d1ec,,5e9e4502f509094188566f88,"{'core': '5e9e28a3f359186f3f3b2649', 'flight': 1, 'gridfins': False, 'legs': False, 'reused': False, 'landing_attempt': False, 'landing_success': None, 'landing_type': None, 'landpad': None}",40,2017-05-15T23:21:00.000Z,15-05-2017,Falcon 9,31
5e9d0d95eda69973a809d1ec,,5e9e4502f509094188566f88,"{'core': '5e9e28a3f3591856803b264a', 'flight': 1, 'gridfins': True, 'legs': True, 'reused': False, 'landing_attempt': True, 'landing_success': True, 'landing_type': 'RTLS', 'landpad': '5e9e3032383ecb267a34e7c7'}",41,2017-06-03T21:07:00.000Z,03-06-2017,Falcon 9,32
5e9d0d95eda69973a809d1ec,,5e9e4502f509094188566f88,"{'core': '5e9e28a3f359189e3a3b2645', 'flight': 2, 'gridfins': True, 'legs': True, 'reused': True, 'landing_attempt': True, 'landing_success': True, 'landing_type': 'ASDS', 'landpad': '5e9e3032383ecb6bb234e7ca'}",42,2017-06-23T19:10:00.000Z,23-06-2017,Falcon 9,33
5e9d0d95eda69973a809d1ec,,5e9e4502f509092b78566f87,"{'core': '5e9e28a3f3591801cf3b264b', 'flight': 1, 'gridfins': True, 'legs': True, 'reused': False, 'landing_attempt': True, 'landing_success': True, 'landing_type': 'ASDS', 'landpad': '5e9e3033383ecbb9e534e7cc'}",43,2017-06-25T20:25:00.000Z,25-06-2017,Falcon 9,34
5e9d0d95eda69973a809d1ec,,5e9e4502f509094188566f88,"{'core': '5e9e28a4f3591850cc3b264c', 'flight': 1, 'gridfins': False, 'legs': False, 'reused': False, 'landing_attempt': False, 'landing_success': None, 'landing_type': None, 'landpad': None}",44,2017-07-05T23:35:00.000Z,05-07-2017,Falcon 9,35
5e9d0d95eda69973a809d1ec,,5e9e4502f509094188566f88,"{'core': '5e9e28a4f3591884ee3b264d', 'flight': 1, 'gridfins': True, 'legs': True, 'reused': False, 'landing_attempt': True, 'landing_success': True, 'landing_type': 'RTLS', 'landpad': '5e9e3032383ecb267a34e7c7'}",45,2017-08-14T16:31:00.000Z,14-08-2017,Falcon 9,36
5e9d0d95eda69973a809d1ec,,5e9e4502f509092b78566f87,"{'core': '5e9e28a4f359182d843b264e', 'flight': 1, 'gridfins': True, 'legs': True, 'reused': False, 'landing_attempt': True, 'landing_success': True, 'landing_type': 'ASDS', 'landpad': '5e9e3033383ecbb9e534e7cc'}",46,2017-08-24T18:50:00.000Z,24-08-2017,Falcon 9,37
5e9d0d95eda69973a809d1ec,,5e9e4502f509094188566f88,"{'core': '5e9e28a4f3591845123b264f', 'flight': 1, 'gridfins': True, 'legs': True, 'reused': False, 'landing_attempt': True, 'landing_success': True, 'landing_type': 'RTLS', 'landpad': '5e9e3032383ecb267a34e7c7'}",47,2017-09-07T13:50:00.000Z,07-09-2017,Falcon 9,38
5e9d0d95eda69973a809d1ec,,5e9e4502f509092b78566f87,"{'core': '5e9e28a4f3591843103b2650', 'flight': 1, 'gridfins': True, 'legs': True, 'reused': False, 'landing_attempt': True, 'landing_success': True, 'landing_type': 'ASDS', 'landpad': '5e9e3033383ecbb9e534e7cc'}",48,2017-10-09T12:37:00.000Z,09-10-2017,Falcon 9,39
5e9d0d95eda69973a809d1ec,,5e9e4502f509094188566f88,"{'core': '5e9e28a3f3591829dc3b2646', 'flight': 2, 'gridfins': True, 'legs': True, 'reused': True, 'landing_attempt': True, 'landing_success': True, 'landing_type': 'ASDS', 'landpad': '5e9e3032383ecb6bb234e7ca'}",49,2017-10-11T22:53:00.000Z,11-10-2017,Falcon 9,40
5e9d0d95eda69973a809d1ec,,5e9e4502f509094188566f88,"{'core': '5e9e28a4f359185cc03b2651', 'flight': 1, 'gridfins': True, 'legs': True, 'reused': False, 'landing_attempt': True, 'landing_success': True, 'landing_type': 'ASDS', 'landpad': '5e9e3032383ecb6bb234e7ca'}",50,2017-10-30T19:34:00.000Z,30-10-2017,Falcon 9,41
5e9d0d95eda69973a809d1ec,,5e9e4501f509094ba4566f84,"{'core': '5e9e28a3f3591856803b264a', 'flight': 2, 'gridfins': True, 'legs': True, 'reused': True, 'landing_attempt': True, 'landing_success': True, 'landing_type': 'RTLS', 'landpad': '5e9e3032383ecb267a34e7c7'}",51,2017-12-15T15:36:00.000Z,15-12-2017,Falcon 9,42
5e9d0d95eda69973a809d1ec,,5e9e4502f509092b78566f87,"{'core': '5e9e28a3f3591801cf3b264b', 'flight': 2, 'gridfins': True, 'legs': False, 'reused': True, 'landing_attempt': True, 'landing_success': True, 'landing_type': 'Ocean', 'landpad': None}",52,2017-12-23T01:27:23.000Z,23-12-2017,Falcon 9,43
5e9d0d95eda69973a809d1ec,,5e9e4501f509094ba4566f84,"{'core': '5e9e28a4f35918345e3b2652', 'flight': 1, 'gridfins': True, 'legs': True, 'reused': False, 'landing_attempt': True, 'landing_success': True, 'landing_type': 'RTLS', 'landpad': '5e9e3032383ecb267a34e7c7'}",53,2018-01-08T01:00:00.000Z,08-01-2018,Falcon 9,44
5e9d0d95eda69973a809d1ec,,5e9e4501f509094ba4566f84,"{'core': '5e9e28a3f3591811f83b2648', 'flight': 2, 'gridfins': True, 'legs': True, 'reused': True, 'landing_attempt': True, 'landing_success': True, 'landing_type': 'Ocean', 'landpad': None}",54,2018-01-31T21:25:00.000Z,31-01-2018,Falcon 9,45
5e9d0d95eda69973a809d1ec,,5e9e4501f509094ba4566f84,"{'core': '5e9e28a5f359186cb73b2654', 'flight': 1, 'gridfins': True, 'legs': True, 'reused': False, 'landing_attempt': False, 'landing_success': None, 'landing_type': None, 'landpad': None}",57,2018-03-06T05:33:00.000Z,06-03-2018,Falcon 9,46
5e9d0d95eda69973a809d1ec,,5e9e4502f509092b78566f87,"{'core': '5e9e28a4f3591843103b2650', 'flight': 2, 'gridfins': True, 'legs': True, 'reused': True, 'landing_attempt': False, 'landing_success': None, 'landing_type': None, 'landpad': None}",58,2018-03-30T14:13:51.000Z,30-03-2018,Falcon 9,47
5e9d0d95eda69973a809d1ec,,5e9e4501f509094ba4566f84,"{'core': '5e9e28a4f3591884ee3b264d', 'flight': 2, 'gridfins': True, 'legs': True, 'reused': True, 'landing_attempt': False, 'landing_success': None, 'landing_type': None, 'landpad': None}",59,2018-04-02T20:30:41.000Z,02-04-2018,Falcon 9,48
5e9d0d95eda69973a809d1ec,,5e9e4501f509094ba4566f84,"{'core': '5e9e28a5f35918863d3b2655', 'flight': 1, 'gridfins': True, 'legs': True, 'reused': False, 'landing_attempt': True, 'landing_success': True, 'landing_type': 'ASDS', 'landpad': '5e9e3032383ecb6bb234e7ca'}",60,2018-04-18T22:51:00.000Z,18-04-2018,Falcon 9,49
5e9d0d95eda69973a809d1ec,,5e9e4502f509094188566f88,"{'core': '5e9e28a5f359182b023b2656', 'flight': 1, 'gridfins': True, 'legs': True, 'reused': False, 'landing_attempt': True, 'landing_success': True, 'landing_type': 'ASDS', 'landpad': '5e9e3032383ecb6bb234e7ca'}",61,2018-05-11T20:14:00.000Z,11-05-2018,Falcon 9,50
5e9d0d95eda69973a809d1ec,,5e9e4501f509094ba4566f84,"{'core': '5e9e28a4f3591845123b264f', 'flight': 2, 'gridfins': False, 'legs': False, 'reused': True, 'landing_attempt': False, 'landing_success': None, 'landing_type': None, 'landpad': None}",63,2018-06-04T04:45:00.000Z,04-06-2018,Falcon 9,51
5e9d0d95eda69973a809d1ec,,5e9e4501f509094ba4566f84,"{'core': '5e9e28a5f35918863d3b2655', 'flight': 2, 'gridfins': False, 'legs': False, 'reused': True, 'landing_attempt': False, 'landing_success': None, 'landing_type': None, 'landpad': None}",64,2018-06-29T09:42:00.000Z,29-06-2018,Falcon 9,52
5e9d0d95eda69973a809d1ec,,5e9e4501f509094ba4566f84,"{'core': '5e9e28a5f359181eed3b2657', 'flight': 1, 'gridfins': True, 'legs': True, 'reused': False, 'landing_attempt': True, 'landing_success': True, 'landing_type': 'ASDS', 'landpad': '5e9e3032383ecb6bb234e7ca'}",65,2018-07-22T05:50:00.000Z,22-07-2018,Falcon 9,53
5e9d0d95eda69973a809d1ec,,5e9e4502f509092b78566f87,"{'core': '5e9e28a5f3591809c03b2658', 'flight': 1, 'gridfins': True, 'legs': True, 'reused': False, 'landing_attempt': True, 'landing_success': True, 'landing_type': 'ASDS', 'landpad': '5e9e3033383ecbb9e534e7cc'}",66,2018-07-25T11:39:26.000Z,25-07-2018,Falcon 9,54
5e9d0d95eda69973a809d1ec,,5e9e4501f509094ba4566f84,"{'core': '5e9e28a5f359182b023b2656', 'flight': 2, 'gridfins': True, 'legs': True, 'reused': True, 'landing_attempt': True, 'landing_success': True, 'landing_type': 'ASDS', 'landpad': '5e9e3032383ecb6bb234e7ca'}",67,2018-08-07T05:18:00.000Z,07-08-2018,Falcon 9,55
5e9d0d95eda69973a809d1ec,,5e9e4501f509094ba4566f84,"{'core': '5e9e28a5f3591833b13b2659', 'flight': 1, 'gridfins': True, 'legs': True, 'reused': False, 'landing_attempt': True, 'landing_success': True, 'landing_type': 'ASDS', 'landpad': '5e9e3032383ecb6bb234e7ca'}",68,2018-09-10T04:45:00.000Z,10-09-2018,Falcon 9,56
5e9d0d95eda69973a809d1ec,,5e9e4502f509092b78566f87,"{'core': '5e9e28a5f3591809c03b2658', 'flight': 2, 'gridfins': True, 'legs': True, 'reused': True, 'landing_attempt': True, 'landing_success': True, 'landing_type': 'RTLS', 'landpad': '5e9e3032383ecb554034e7c9'}",69,2018-10-08T02:22:00.000Z,08-10-2018,Falcon 9,57
5e9d0d95eda69973a809d1ec,,5e9e4502f509094188566f88,"{'core': '5e9e28a5f359181eed3b2657', 'flight': 2, 'gridfins': True, 'legs': True, 'reused': True, 'landing_attempt': True, 'landing_success': True, 'landing_type': 'ASDS', 'landpad': '5e9e3032383ecb6bb234e7ca'}",70,2018-11-15T20:46:00.000Z,15-11-2018,Falcon 9,58
5e9d0d95eda69973a809d1ec,,5e9e4502f509092b78566f87,"{'core': '5e9e28a5f359182b023b2656', 'flight': 3, 'gridfins': True, 'legs': True, 'reused': True, 'landing_attempt': True, 'landing_success': True, 'landing_type': 'ASDS', 'landpad': '5e9e3033383ecbb9e534e7cc'}",71,2018-12-03T18:34:00.000Z,03-12-2018,Falcon 9,59
5e9d0d95eda69973a809d1ec,,5e9e4501f509094ba4566f84,"{'core': '5e9e28a6f359185c603b265a', 'flight': 1, 'gridfins': True, 'legs': True, 'reused': False, 'landing_attempt': True, 'landing_success': False, 'landing_type': 'RTLS', 'landpad': '5e9e3032383ecb267a34e7c7'}",72,2018-12-05T18:16:00.000Z,05-12-2018,Falcon 9,60
5e9d0d95eda69973a809d1ec,,5e9e4501f509094ba4566f84,"{'core': '5e9e28a6f35918513b3b265b', 'flight': 1, 'gridfins': False, 'legs': False, 'reused': False, 'landing_attempt': False, 'landing_success': None, 'landing_type': None, 'landpad': None}",73,2018-12-23T13:51:00.000Z,23-12-2018,Falcon 9,61
5e9d0d95eda69973a809d1ec,,5e9e4502f509092b78566f87,"{'core': '5e9e28a5f3591833b13b2659', 'flight': 2, 'gridfins': True, 'legs': True, 'reused': True, 'landing_attempt': True, 'landing_success': True, 'landing_type': 'ASDS', 'landpad': '5e9e3033383ecbb9e534e7cc'}",74,2019-01-11T15:31:00.000Z,11-01-2019,Falcon 9,62
5e9d0d95eda69973a809d1ec,,5e9e4502f509094188566f88,"{'core': '5e9e28a6f35918c0803b265c', 'flight': 1, 'gridfins': True, 'legs': True, 'reused': False, 'landing_attempt': True, 'landing_success': True, 'landing_type': 'ASDS', 'landpad': '5e9e3032383ecb6bb234e7ca'}",76,2019-03-02T07:45:00.000Z,02-03-2019,Falcon 9,63
5e9d0d95eda69973a809d1ec,,5e9e4501f509094ba4566f84,"{'core': '5e9e28a7f3591809313b2660', 'flight': 1, 'gridfins': True, 'legs': True, 'reused': False, 'landing_attempt': True, 'landing_success': True, 'landing_type': 'ASDS', 'landpad': '5e9e3032383ecb6bb234e7ca'}",78,2019-05-04T06:48:00.000Z,04-05-2019,Falcon 9,64
5e9d0d95eda69973a809d1ec,,5e9e4501f509094ba4566f84,"{'core': '5e9e28a5f3591833b13b2659', 'flight': 3, 'gridfins': True, 'legs': True, 'reused': True, 'landing_attempt': True, 'landing_success': True, 'landing_type': 'ASDS', 'landpad': '5e9e3032383ecb6bb234e7ca'}",79,2019-05-24T02:30:00.000Z,24-05-2019,Falcon 9,65
5e9d0d95eda69973a809d1ec,,5e9e4502f509092b78566f87,"{'core': '5e9e28a6f35918c0803b265c', 'flight': 2, 'gridfins': True, 'legs': True, 'reused': True, 'landing_attempt': True, 'landing_success': True, 'landing_type': 'RTLS', 'landpad': '5e9e3032383ecb554034e7c9'}",80,2019-06-12T14:17:00.000Z,12-06-2019,Falcon 9,66
5e9d0d95eda69973a809d1ec,,5e9e4501f509094ba4566f84,"{'core': '5e9e28a7f3591809313b2660', 'flight': 2, 'gridfins': True, 'legs': True, 'reused': True, 'landing_attempt': True, 'landing_success': True, 'landing_type': 'RTLS', 'landpad': '5e9e3032383ecb267a34e7c7'}",82,2019-07-25T22:01:00.000Z,25-07-2019,Falcon 9,67
5e9d0d95eda69973a809d1ec,,5e9e4501f509094ba4566f84,"{'core': '5e9e28a5f359181eed3b2657', 'flight': 3, 'gridfins': False, 'legs': False, 'reused': True, 'landing_attempt': False, 'landing_success': None, 'landing_type': None, 'landpad': None}",83,2019-08-06T22:52:00.000Z,06-08-2019,Falcon 9,68
5e9d0d95eda69973a809d1ec,,5e9e4501f509094ba4566f84,"{'core': '5e9e28a5f3591809c03b2658', 'flight': 4, 'gridfins': True, 'legs': True, 'reused': True, 'landing_attempt': True, 'landing_success': True, 'landing_type': 'ASDS', 'landpad': '5e9e3032383ecb6bb234e7ca'}",84,2019-11-11T14:56:00.000Z,11-11-2019,Falcon 9,69
5e9d0d95eda69973a809d1ec,,5e9e4501f509094ba4566f84,"{'core': '5e9e28a7f359187afd3b2662', 'flight': 1, 'gridfins': True, 'legs': True, 'reused': False, 'landing_attempt': True, 'landing_success': True, 'landing_type': 'ASDS', 'landpad': '5e9e3032383ecb6bb234e7ca'}",85,2019-12-05T17:29:23.000Z,05-12-2019,Falcon 9,70
5e9d0d95eda69973a809d1ec,,5e9e4501f509094ba4566f84,"{'core': '5e9e28a7f3591809313b2660', 'flight': 3, 'gridfins': True, 'legs': True, 'reused': True, 'landing_attempt': True, 'landing_success': True, 'landing_type': 'ASDS', 'landpad': '5e9e3032383ecb6bb234e7ca'}",86,2019-12-17T00:10:00.000Z,17-12-2019,Falcon 9,71
5e9d0d95eda69973a809d1ec,,5e9e4501f509094ba4566f84,"{'core': '5e9e28a5f3591833b13b2659', 'flight': 4, 'gridfins': True, 'legs': True, 'reused': True, 'landing_attempt': True, 'landing_success': True, 'landing_type': 'ASDS', 'landpad': '5e9e3032383ecb6bb234e7ca'}",87,2020-01-07T02:19:00.000Z,07-01-2020,Falcon 9,72
5e9d0d95eda69973a809d1ec,,5e9e4502f509094188566f88,"{'core': '5e9e28a5f359182b023b2656', 'flight': 4, 'gridfins': False, 'legs': False, 'reused': True, 'landing_attempt': False, 'landing_success': None, 'landing_type': None, 'landpad': None}",88,2020-01-19T14:00:00.000Z,19-01-2020,Falcon 9,73
5e9d0d95eda69973a809d1ec,,5e9e4501f509094ba4566f84,"{'core': '5e9e28a6f35918c0803b265c', 'flight': 3, 'gridfins': True, 'legs': True, 'reused': True, 'landing_attempt': True, 'landing_success': True, 'landing_type': 'ASDS', 'landpad': '5e9e3032383ecb6bb234e7ca'}",89,2020-01-29T14:06:00.000Z,29-01-2020,Falcon 9,74
5e9d0d95eda69973a809d1ec,,5e9e4501f509094ba4566f84,"{'core': '5e9e28a7f3591809313b2660', 'flight': 4, 'gridfins': True, 'legs': True, 'reused': True, 'landing_attempt': True, 'landing_success': False, 'landing_type': 'ASDS', 'landpad': '5e9e3032383ecb6bb234e7ca'}",90,2020-02-17T15:05:55.000Z,17-02-2020,Falcon 9,75
5e9d0d95eda69973a809d1ec,,5e9e4501f509094ba4566f84,"{'core': '5e9e28a7f359187afd3b2662', 'flight': 2, 'gridfins': True, 'legs': True, 'reused': True, 'landing_attempt': True, 'landing_success': True, 'landing_type': 'RTLS', 'landpad': '5e9e3032383ecb267a34e7c7'}",91,2020-03-07T04:50:31.000Z,07-03-2020,Falcon 9,76
5e9d0d95eda69973a809d1ec,,5e9e4502f509094188566f88,"{'core': '5e9e28a5f3591809c03b2658', 'flight': 5, 'gridfins': True, 'legs': True, 'reused': True, 'landing_attempt': True, 'landing_success': False, 'landing_type': 'ASDS', 'landpad': '5e9e3032383ecb6bb234e7ca'}",92,2020-03-18T12:16:00.000Z,18-03-2020,Falcon 9,77
5e9d0d95eda69973a809d1ec,,5e9e4502f509094188566f88,"{'core': '5e9e28a6f35918c0803b265c', 'flight': 4, 'gridfins': True, 'legs': True, 'reused': True, 'landing_attempt': True, 'landing_success': True, 'landing_type': 'ASDS', 'landpad': '5e9e3032383ecb6bb234e7ca'}",93,2020-04-22T19:30:00.000Z,22-04-2020,Falcon 9,78
5e9d0d95eda69973a809d1ec,,5e9e4502f509094188566f88,"{'core': '5e9e28a7f3591817f23b2663', 'flight': 1, 'gridfins': True, 'legs': True, 'reused': False, 'landing_attempt': True, 'landing_success': True, 'landing_type': 'ASDS', 'landpad': '5e9e3032383ecb6bb234e7ca'}",94,2020-05-30T19:22:00.000Z,30-05-2020,Falcon 9,79
5e9d0d95eda69973a809d1ec,,5e9e4501f509094ba4566f84,"{'core': '5e9e28a5f3591833b13b2659', 'flight': 5, 'gridfins': True, 'legs': True, 'reused': True, 'landing_attempt': True, 'landing_success': True, 'landing_type': 'ASDS', 'landpad': '5e9e3033383ecbb9e534e7cc'}",95,2020-06-04T01:25:00.000Z,04-06-2020,Falcon 9,80
5e9d0d95eda69973a809d1ec,,5e9e4501f509094ba4566f84,"{'core': '5e9e28a7f359187afd3b2662', 'flight': 3, 'gridfins': True, 'legs': True, 'reused': True, 'landing_attempt': True, 'landing_success': True, 'landing_type': 'ASDS', 'landpad': '5e9e3032383ecb6bb234e7ca'}",96,2020-06-13T09:21:00.000Z,13-06-2020,Falcon 9,81
5e9d0d95eda69973a809d1ec,,5e9e4501f509094ba4566f84,"{'core': '5ef670f10059c33cee4a826c', 'flight': 1, 'gridfins': True, 'legs': True, 'reused': False, 'landing_attempt': True, 'landing_success': True, 'landing_type': 'ASDS', 'landpad': '5e9e3033383ecbb9e534e7cc'}",97,2020-06-30T19:55:00.000Z,30-06-2020,Falcon 9,82
5e9d0d95eda69973a809d1ec,,5e9e4501f509094ba4566f84,"{'core': '5e9e28a7f3591817f23b2663', 'flight': 2, 'gridfins': True, 'legs': True, 'reused': True, 'landing_attempt': True, 'landing_success': True, 'landing_type': 'ASDS', 'landpad': '5e9e3033383ecbb9e534e7cc'}",98,2020-07-20T21:30:00.000Z,20-07-2020,Falcon 9,83
5e9d0d95eda69973a809d1ec,,5e9e4501f509094ba4566f84,"{'core': '5e9e28a5f3591833b13b2659', 'flight': 6, 'gridfins': True, 'legs': True, 'reused': True, 'landing_attempt': True, 'landing_success': True, 'landing_type': 'ASDS', 'landpad': '5e9e3032383ecb6bb234e7ca'}",100,2020-08-18T14:31:00.000Z,18-08-2020,Falcon 9,84
5e9d0d95eda69973a809d1ec,,5e9e4501f509094ba4566f84,"{'core': '5e9e28a7f359187afd3b2662', 'flight': 4, 'gridfins': True, 'legs': True, 'reused': True, 'landing_attempt': True, 'landing_success': True, 'landing_type': 'RTLS', 'landpad': '5e9e3032383ecb267a34e7c7'}",101,2020-08-30T23:18:00.000Z,30-08-2020,Falcon 9,85
5e9d0d95eda69973a809d1ec,,5e9e4502f509094188566f88,"{'core': '5ef670f10059c33cee4a826c', 'flight': 2, 'gridfins': True, 'legs': True, 'reused': True, 'landing_attempt': True, 'landing_success': True, 'landing_type': 'ASDS', 'landpad': '5e9e3032383ecb6bb234e7ca'}",102,2020-09-03T12:46:00.000Z,03-09-2020,Falcon 9,86
5e9d0d95eda69973a809d1ec,,5e9e4502f509094188566f88,"{'core': '5e9e28a7f3591817f23b2663', 'flight': 3, 'gridfins': True, 'legs': True, 'reused': True, 'landing_attempt': True, 'landing_success': True, 'landing_type': 'ASDS', 'landpad': '5e9e3032383ecb6bb234e7ca'}",103,2020-10-06T11:29:00.000Z,06-10-2020,Falcon 9,87
5e9d0d95eda69973a809d1ec,,5e9e4502f509094188566f88,"{'core': '5e9e28a6f35918c0803b265c', 'flight': 6, 'gridfins': True, 'legs': True, 'reused': True, 'landing_attempt': True, 'landing_success': True, 'landing_type': 'ASDS', 'landpad': '5e9e3032383ecb6bb234e7ca'}",104,2020-10-18T12:25:00.000Z,18-10-2020,Falcon 9,88
5e9d0d95eda69973a809d1ec,,5e9e4501f509094ba4566f84,"{'core': '5ef670f10059c33cee4a826c', 'flight': 3, 'gridfins': True, 'legs': True, 'reused': True, 'landing_attempt': True, 'landing_success': True, 'landing_type': 'ASDS', 'landpad': '5e9e3033383ecbb9e534e7cc'}",105,2020-10-24T15:31:00.000Z,24-10-2020,Falcon 9,89
5e9d0d95eda69973a809d1ec,,5e9e4501f509094ba4566f84,"{'core': '5f57c5440622a633027900a0', 'flight': 1, 'gridfins': True, 'legs': True, 'reused': False, 'landing_attempt': True, 'landing_success': True, 'landing_type': 'ASDS', 'landpad': '5e9e3032383ecb6bb234e7ca'}",106,2020-11-05T23:24:00.000Z,05-11-2020,Falcon 9,90
